model,test_r2,test_mae,test_rmse
Linear Regression,0.6620626562018803,46.07772649927278,62.437470601152185
Random Forest,0.722908841413006,42.005370627973015,56.5377527515661
